score;completeness;rescuebot_action;rescuebot_location;charlie_action;charlie_location;world_nr;tick_nr
0;0.0;;(22, 11);;(22, 12);1;0
0;0.0;;(22, 11);;(22, 12);1;1
0;0.0;;(22, 11);;(22, 12);1;2
0;0.0;;(22, 11);;(22, 12);1;3
0;0.0;;(22, 11);;(22, 12);1;4
0;0.0;;(22, 11);;(22, 12);1;5
0;0.0;;(22, 11);;(22, 12);1;6
0;0.0;;(22, 11);;(22, 12);1;7
0;0.0;;(22, 11);;(22, 12);1;8
0;0.0;;(22, 11);;(22, 12);1;9
0;0.0;;(22, 11);;(22, 12);1;10
0;0.0;;(22, 11);;(22, 12);1;11
0;0.0;;(22, 11);;(22, 12);1;12
0;0.0;;(22, 11);;(22, 12);1;13
0;0.0;;(22, 11);;(22, 12);1;14
0;0.0;;(22, 11);;(22, 12);1;15
0;0.0;;(22, 11);;(22, 12);1;16
0;0.0;;(22, 11);;(22, 12);1;17
0;0.0;;(22, 11);;(22, 12);1;18
0;0.0;;(22, 11);;(22, 12);1;19
0;0.0;;(22, 11);;(22, 12);1;20
0;0.0;;(22, 11);;(22, 12);1;21
0;0.0;;(22, 11);;(22, 12);1;22
0;0.0;;(22, 11);;(22, 12);1;23
0;0.0;;(22, 11);;(22, 12);1;24
0;0.0;;(22, 11);;(22, 12);1;25
0;0.0;;(22, 11);;(22, 12);1;26
0;0.0;;(22, 11);;(22, 12);1;27
0;0.0;;(22, 11);;(22, 12);1;28
0;0.0;;(22, 11);;(22, 12);1;29
0;0.0;;(22, 11);;(22, 12);1;30
0;0.0;;(22, 11);;(22, 12);1;31
0;0.0;;(22, 11);;(22, 12);1;32
0;0.0;;(22, 11);;(22, 12);1;33
0;0.0;;(22, 11);;(22, 12);1;34
0;0.0;;(22, 11);;(22, 12);1;35
0;0.0;;(22, 11);;(22, 12);1;36
0;0.0;;(22, 11);;(22, 12);1;37
0;0.0;;(22, 11);;(22, 12);1;38
0;0.0;;(22, 11);;(22, 12);1;39
0;0.0;;(22, 11);;(22, 12);1;40
0;0.0;;(22, 11);;(22, 12);1;41
0;0.0;;(22, 11);;(22, 12);1;42
0;0.0;;(22, 11);;(22, 12);1;43
0;0.0;;(22, 11);;(22, 12);1;44
0;0.0;;(22, 11);;(22, 12);1;45
0;0.0;;(22, 11);;(22, 12);1;46
0;0.0;;(22, 11);;(22, 12);1;47
0;0.0;;(22, 11);;(22, 12);1;48
0;0.0;;(22, 11);;(22, 12);1;49
0;0.0;;(22, 11);;(22, 12);1;50
0;0.0;;(22, 11);;(22, 12);1;51
0;0.0;;(22, 11);;(22, 12);1;52
0;0.0;;(22, 11);;(22, 12);1;53
0;0.0;;(22, 11);;(22, 12);1;54
0;0.0;;(22, 11);;(22, 12);1;55
0;0.0;;(22, 11);;(22, 12);1;56
0;0.0;;(22, 11);;(22, 12);1;57
0;0.0;;(22, 11);;(22, 12);1;58
0;0.0;;(22, 11);;(22, 12);1;59
0;0.0;;(22, 11);;(22, 12);1;60
0;0.0;;(22, 11);;(22, 12);1;61
0;0.0;;(22, 11);;(22, 12);1;62
0;0.0;;(22, 11);;(22, 12);1;63
0;0.0;;(22, 11);;(22, 12);1;64
0;0.0;;(22, 11);;(22, 12);1;65
0;0.0;;(22, 11);;(22, 12);1;66
0;0.0;;(22, 11);;(22, 12);1;67
0;0.0;;(22, 11);;(22, 12);1;68
0;0.0;;(22, 11);;(22, 12);1;69
0;0.0;;(22, 11);;(22, 12);1;70
0;0.0;;(22, 11);;(22, 12);1;71
0;0.0;;(22, 11);;(22, 12);1;72
0;0.0;;(22, 11);;(22, 12);1;73
0;0.0;;(22, 11);;(22, 12);1;74
0;0.0;;(22, 11);;(22, 12);1;75
0;0.0;;(22, 11);;(22, 12);1;76
0;0.0;;(22, 11);;(22, 12);1;77
0;0.0;;(22, 11);;(22, 12);1;78
0;0.0;;(22, 11);;(22, 12);1;79
0;0.0;;(22, 11);;(22, 12);1;80
0;0.0;;(22, 11);;(22, 12);1;81
0;0.0;;(22, 11);;(22, 12);1;82
0;0.0;;(22, 11);;(22, 12);1;83
0;0.0;;(22, 11);;(22, 12);1;84
0;0.0;;(22, 11);;(22, 12);1;85
0;0.0;;(22, 11);;(22, 12);1;86
0;0.0;;(22, 11);;(22, 12);1;87
0;0.0;;(22, 11);;(22, 12);1;88
0;0.0;;(22, 11);;(22, 12);1;89
0;0.0;;(22, 11);;(22, 12);1;90
0;0.0;;(22, 11);;(22, 12);1;91
0;0.0;;(22, 11);;(22, 12);1;92
0;0.0;;(22, 11);;(22, 12);1;93
0;0.0;;(22, 11);;(22, 12);1;94
0;0.0;;(22, 11);;(22, 12);1;95
0;0.0;;(22, 11);;(22, 12);1;96
0;0.0;;(22, 11);;(22, 12);1;97
0;0.0;;(22, 11);;(22, 12);1;98
0;0.0;;(22, 11);;(22, 12);1;99
0;0.0;;(22, 11);;(22, 12);1;100
0;0.0;;(22, 11);;(22, 12);1;101
0;0.0;;(22, 11);;(22, 12);1;102
0;0.0;;(22, 11);;(22, 12);1;103
0;0.0;;(22, 11);;(22, 12);1;104
0;0.0;;(22, 11);;(22, 12);1;105
0;0.0;;(22, 11);;(22, 12);1;106
0;0.0;;(22, 11);;(22, 12);1;107
0;0.0;;(22, 11);;(22, 12);1;108
0;0.0;;(22, 11);;(22, 12);1;109
0;0.0;;(22, 11);;(22, 12);1;110
0;0.0;;(22, 11);;(22, 12);1;111
0;0.0;;(22, 11);;(22, 12);1;112
0;0.0;;(22, 11);;(22, 12);1;113
0;0.0;;(22, 11);;(22, 12);1;114
0;0.0;;(22, 11);;(22, 12);1;115
0;0.0;;(22, 11);;(22, 12);1;116
0;0.0;;(22, 11);;(22, 12);1;117
0;0.0;;(22, 11);;(22, 12);1;118
0;0.0;;(22, 11);;(22, 12);1;119
0;0.0;;(22, 11);;(22, 12);1;120
0;0.0;;(22, 11);;(22, 12);1;121
0;0.0;;(22, 11);;(22, 12);1;122
0;0.0;;(22, 11);;(22, 12);1;123
0;0.0;;(22, 11);;(22, 12);1;124
0;0.0;;(22, 11);;(22, 12);1;125
0;0.0;;(22, 11);;(22, 12);1;126
0;0.0;;(22, 11);;(22, 12);1;127
0;0.0;;(22, 11);;(22, 12);1;128
0;0.0;;(22, 11);;(22, 12);1;129
0;0.0;;(22, 11);;(22, 12);1;130
0;0.0;;(22, 11);;(22, 12);1;131
0;0.0;;(22, 11);;(22, 12);1;132
0;0.0;;(22, 11);;(22, 12);1;133
0;0.0;;(22, 11);;(22, 12);1;134
0;0.0;;(22, 11);;(22, 12);1;135
0;0.0;;(22, 11);;(22, 12);1;136
0;0.0;;(22, 11);;(22, 12);1;137
0;0.0;;(22, 11);;(22, 12);1;138
0;0.0;;(22, 11);;(22, 12);1;139
0;0.0;;(22, 11);;(22, 12);1;140
0;0.0;;(22, 11);;(22, 12);1;141
0;0.0;;(22, 11);;(22, 12);1;142
0;0.0;;(22, 11);;(22, 12);1;143
0;0.0;;(22, 11);;(22, 12);1;144
0;0.0;;(22, 11);;(22, 12);1;145
0;0.0;;(22, 11);;(22, 12);1;146
0;0.0;;(22, 11);;(22, 12);1;147
0;0.0;;(22, 11);;(22, 12);1;148
0;0.0;;(22, 11);;(22, 12);1;149
0;0.0;;(22, 11);;(22, 12);1;150
0;0.0;;(22, 11);;(22, 12);1;151
0;0.0;;(22, 11);;(22, 12);1;152
0;0.0;;(22, 11);;(22, 12);1;153
0;0.0;;(22, 11);;(22, 12);1;154
0;0.0;;(22, 11);;(22, 12);1;155
0;0.0;;(22, 11);;(22, 12);1;156
0;0.0;;(22, 11);;(22, 12);1;157
0;0.0;;(22, 11);;(22, 12);1;158
0;0.0;;(22, 11);;(22, 12);1;159
0;0.0;;(22, 11);;(22, 12);1;160
0;0.0;;(22, 11);;(22, 12);1;161
0;0.0;;(22, 11);;(22, 12);1;162
0;0.0;;(22, 11);;(22, 12);1;163
0;0.0;;(22, 11);;(22, 12);1;164
0;0.0;;(22, 11);;(22, 12);1;165
0;0.0;;(22, 11);;(22, 12);1;166
0;0.0;;(22, 11);;(22, 12);1;167
0;0.0;;(22, 11);;(22, 12);1;168
0;0.0;;(22, 11);;(22, 12);1;169
0;0.0;;(22, 11);;(22, 12);1;170
0;0.0;;(22, 11);MoveWest;(21, 12);1;171
0;0.0;;(22, 11);;(21, 12);1;172
0;0.0;;(22, 11);MoveWest;(20, 12);1;173
0;0.0;MoveNorth;(22, 11);;(20, 12);1;174
0;0.0;MoveNorth;(22, 11);;(20, 12);1;175
0;0.0;MoveNorth;(22, 11);;(20, 12);1;176
0;0.0;MoveNorth;(22, 11);;(20, 12);1;177
0;0.0;MoveNorth;(22, 11);;(20, 12);1;178
0;0.0;MoveNorth;(22, 11);;(20, 12);1;179
0;0.0;MoveNorth;(22, 11);;(20, 12);1;180
0;0.0;MoveNorth;(22, 11);;(20, 12);1;181
0;0.0;MoveNorth;(22, 10);;(20, 12);1;182
0;0.0;MoveNorth;(22, 10);;(20, 12);1;183
0;0.0;MoveNorth;(22, 10);;(20, 12);1;184
0;0.0;MoveNorth;(22, 10);;(20, 12);1;185
0;0.0;MoveNorth;(22, 10);;(20, 12);1;186
0;0.0;MoveNorth;(22, 10);;(20, 12);1;187
0;0.0;MoveNorth;(22, 10);;(20, 12);1;188
0;0.0;MoveNorth;(22, 10);;(20, 12);1;189
0;0.0;MoveNorth;(22, 10);;(20, 12);1;190
0;0.0;MoveNorth;(22, 9);;(20, 12);1;191
0;0.0;MoveNorth;(22, 9);;(20, 12);1;192
0;0.0;MoveNorth;(22, 9);;(20, 12);1;193
0;0.0;MoveNorth;(22, 9);;(20, 12);1;194
0;0.0;MoveNorth;(22, 9);;(20, 12);1;195
0;0.0;MoveNorth;(22, 9);;(20, 12);1;196
0;0.0;MoveNorth;(22, 9);;(20, 12);1;197
0;0.0;MoveNorth;(22, 9);;(20, 12);1;198
0;0.0;MoveNorth;(22, 9);;(20, 12);1;199
0;0.0;MoveNorth;(22, 8);;(20, 12);1;200
0;0.0;MoveWest;(22, 8);;(20, 12);1;201
0;0.0;MoveWest;(22, 8);;(20, 12);1;202
0;0.0;MoveWest;(22, 8);;(20, 12);1;203
0;0.0;MoveWest;(22, 8);;(20, 12);1;204
0;0.0;MoveWest;(22, 8);;(20, 12);1;205
0;0.0;MoveWest;(22, 8);;(20, 12);1;206
0;0.0;MoveWest;(22, 8);;(20, 12);1;207
0;0.0;MoveWest;(22, 8);;(20, 12);1;208
0;0.0;MoveWest;(21, 8);;(20, 12);1;209
0;0.0;MoveWest;(21, 8);;(20, 12);1;210
0;0.0;MoveWest;(21, 8);;(20, 12);1;211
0;0.0;MoveWest;(21, 8);;(20, 12);1;212
0;0.0;MoveWest;(21, 8);;(20, 12);1;213
0;0.0;MoveWest;(21, 8);;(20, 12);1;214
0;0.0;MoveWest;(21, 8);;(20, 12);1;215
0;0.0;MoveWest;(21, 8);;(20, 12);1;216
0;0.0;MoveWest;(21, 8);;(20, 12);1;217
0;0.0;MoveWest;(20, 8);;(20, 12);1;218
0;0.0;MoveWest;(20, 8);;(20, 12);1;219
0;0.0;MoveWest;(20, 8);;(20, 12);1;220
0;0.0;MoveWest;(20, 8);;(20, 12);1;221
0;0.0;MoveWest;(20, 8);;(20, 12);1;222
0;0.0;MoveWest;(20, 8);;(20, 12);1;223
0;0.0;MoveWest;(20, 8);;(20, 12);1;224
0;0.0;MoveWest;(20, 8);MoveNorth;(20, 11);1;225
0;0.0;MoveWest;(20, 8);MoveNorth;(20, 10);1;226
0;0.0;MoveWest;(19, 8);;(20, 10);1;227
0;0.0;MoveNorthWest;(19, 8);;(20, 10);1;228
0;0.0;MoveNorthWest;(19, 8);;(20, 10);1;229
0;0.0;MoveNorthWest;(19, 8);;(20, 10);1;230
0;0.0;MoveNorthWest;(19, 8);;(20, 10);1;231
0;0.0;MoveNorthWest;(19, 8);;(20, 10);1;232
0;0.0;MoveNorthWest;(19, 8);;(20, 10);1;233
0;0.0;MoveNorthWest;(19, 8);;(20, 10);1;234
0;0.0;MoveNorthWest;(19, 8);MoveNorth;(20, 9);1;235
0;0.0;MoveNorthWest;(19, 8);;(20, 9);1;236
0;0.0;MoveNorthWest;(19, 8);;(20, 9);1;237
0;0.0;MoveNorthWest;(19, 8);;(20, 9);1;238
0;0.0;MoveNorthWest;(19, 8);;(20, 9);1;239
0;0.0;MoveNorthWest;(19, 8);;(20, 9);1;240
0;0.0;MoveNorthWest;(18, 7);;(20, 9);1;241
0;0.0;MoveNorthWest;(18, 7);MoveWest;(19, 9);1;242
0;0.0;MoveNorthWest;(18, 7);MoveWest;(19, 9);1;243
0;0.0;MoveNorthWest;(18, 7);MoveWest;(19, 9);1;244
0;0.0;MoveNorthWest;(18, 7);MoveWest;(19, 9);1;245
0;0.0;MoveNorthWest;(18, 7);MoveWest;(19, 9);1;246
0;0.0;MoveNorthWest;(18, 7);MoveWest;(19, 9);1;247
0;0.0;MoveNorthWest;(18, 7);MoveWest;(18, 9);1;248
0;0.0;MoveNorthWest;(18, 7);;(18, 9);1;249
0;0.0;MoveNorthWest;(17, 6);;(18, 9);1;250
0;0.0;MoveWest;(17, 6);MoveNorth;(18, 9);1;251
0;0.0;MoveWest;(17, 6);MoveNorth;(18, 9);1;252
0;0.0;MoveWest;(17, 6);MoveNorth;(18, 9);1;253
0;0.0;MoveWest;(17, 6);MoveNorth;(18, 9);1;254
0;0.0;MoveWest;(17, 6);MoveNorth;(18, 9);1;255
0;0.0;MoveWest;(17, 6);MoveNorth;(18, 8);1;256
0;0.0;MoveWest;(17, 6);;(18, 8);1;257
0;0.0;MoveWest;(17, 6);;(18, 8);1;258
0;0.0;MoveWest;(16, 6);MoveNorth;(18, 7);1;259
0;0.0;MoveWest;(16, 6);;(18, 7);1;260
0;0.0;MoveWest;(16, 6);;(18, 7);1;261
0;0.0;MoveWest;(16, 6);MoveNorth;(18, 6);1;262
0;0.0;MoveWest;(16, 6);;(18, 6);1;263
0;0.0;MoveWest;(16, 6);;(18, 6);1;264
0;0.0;MoveWest;(16, 6);;(18, 6);1;265
0;0.0;MoveWest;(16, 6);;(18, 6);1;266
0;0.0;MoveWest;(16, 6);;(18, 6);1;267
0;0.0;MoveWest;(15, 6);;(18, 6);1;268
0;0.0;RemoveObject;(15, 6);MoveWest;(17, 6);1;269
0;0.0;RemoveObject;(15, 6);;(17, 6);1;270
0;0.0;RemoveObject;(15, 6);;(17, 6);1;271
0;0.0;RemoveObject;(15, 6);;(17, 6);1;272
0;0.0;RemoveObject;(15, 6);;(17, 6);1;273
0;0.0;RemoveObject;(15, 6);MoveWest;(16, 6);1;274
0;0.0;RemoveObject;(15, 6);MoveWest;(15, 6);1;275
0;0.0;RemoveObject;(15, 6);;(15, 6);1;276
0;0.0;RemoveObject;(15, 6);;(15, 6);1;277
0;0.0;RemoveObject;(15, 6);;(15, 6);1;278
0;0.0;RemoveObject;(15, 6);;(15, 6);1;279
0;0.0;RemoveObject;(15, 6);;(15, 6);1;280
0;0.0;RemoveObject;(15, 6);;(15, 6);1;281
0;0.0;RemoveObject;(15, 6);;(15, 6);1;282
0;0.0;RemoveObject;(15, 6);;(15, 6);1;283
0;0.0;RemoveObject;(15, 6);;(15, 6);1;284
0;0.0;RemoveObject;(15, 6);;(15, 6);1;285
0;0.0;RemoveObject;(15, 6);;(15, 6);1;286
0;0.0;RemoveObject;(15, 6);;(15, 6);1;287
0;0.0;RemoveObject;(15, 6);;(15, 6);1;288
0;0.0;RemoveObject;(15, 6);;(15, 6);1;289
0;0.0;RemoveObject;(15, 6);;(15, 6);1;290
0;0.0;RemoveObject;(15, 6);;(15, 6);1;291
0;0.0;RemoveObject;(15, 6);;(15, 6);1;292
0;0.0;RemoveObject;(15, 6);;(15, 6);1;293
0;0.0;RemoveObject;(15, 6);;(15, 6);1;294
0;0.0;RemoveObject;(15, 6);;(15, 6);1;295
0;0.0;RemoveObject;(15, 6);;(15, 6);1;296
0;0.0;RemoveObject;(15, 6);;(15, 6);1;297
0;0.0;RemoveObject;(15, 6);;(15, 6);1;298
0;0.0;RemoveObject;(15, 6);;(15, 6);1;299
0;0.0;RemoveObject;(15, 6);;(15, 6);1;300
0;0.0;RemoveObject;(15, 6);;(15, 6);1;301
0;0.0;RemoveObject;(15, 6);;(15, 6);1;302
0;0.0;RemoveObject;(15, 6);;(15, 6);1;303
0;0.0;RemoveObject;(15, 6);;(15, 6);1;304
0;0.0;RemoveObject;(15, 6);;(15, 6);1;305
0;0.0;RemoveObject;(15, 6);;(15, 6);1;306
0;0.0;RemoveObject;(15, 6);;(15, 6);1;307
0;0.0;RemoveObject;(15, 6);;(15, 6);1;308
0;0.0;RemoveObject;(15, 6);;(15, 6);1;309
0;0.0;RemoveObject;(15, 6);;(15, 6);1;310
0;0.0;RemoveObject;(15, 6);;(15, 6);1;311
0;0.0;RemoveObject;(15, 6);;(15, 6);1;312
0;0.0;RemoveObject;(15, 6);;(15, 6);1;313
0;0.0;RemoveObject;(15, 6);;(15, 6);1;314
0;0.0;RemoveObject;(15, 6);;(15, 6);1;315
0;0.0;RemoveObject;(15, 6);;(15, 6);1;316
0;0.0;RemoveObject;(15, 6);;(15, 6);1;317
0;0.0;RemoveObject;(15, 6);;(15, 6);1;318
0;0.0;RemoveObject;(15, 6);;(15, 6);1;319
0;0.0;RemoveObject;(15, 6);;(15, 6);1;320
0;0.0;RemoveObject;(15, 6);;(15, 6);1;321
0;0.0;RemoveObject;(15, 6);;(15, 6);1;322
0;0.0;RemoveObject;(15, 6);;(15, 6);1;323
0;0.0;RemoveObject;(15, 6);;(15, 6);1;324
0;0.0;RemoveObject;(15, 6);;(15, 6);1;325
0;0.0;RemoveObject;(15, 6);;(15, 6);1;326
0;0.0;RemoveObject;(15, 6);;(15, 6);1;327
0;0.0;RemoveObject;(15, 6);;(15, 6);1;328
0;0.0;RemoveObject;(15, 6);;(15, 6);1;329
0;0.0;RemoveObject;(15, 6);;(15, 6);1;330
0;0.0;RemoveObject;(15, 6);;(15, 6);1;331
0;0.0;RemoveObject;(15, 6);;(15, 6);1;332
0;0.0;RemoveObject;(15, 6);;(15, 6);1;333
0;0.0;RemoveObject;(15, 6);;(15, 6);1;334
0;0.0;RemoveObject;(15, 6);;(15, 6);1;335
0;0.0;RemoveObject;(15, 6);;(15, 6);1;336
0;0.0;RemoveObject;(15, 6);;(15, 6);1;337
0;0.0;RemoveObject;(15, 6);;(15, 6);1;338
0;0.0;RemoveObject;(15, 6);;(15, 6);1;339
0;0.0;RemoveObject;(15, 6);;(15, 6);1;340
0;0.0;RemoveObject;(15, 6);;(15, 6);1;341
0;0.0;RemoveObject;(15, 6);;(15, 6);1;342
0;0.0;RemoveObject;(15, 6);;(15, 6);1;343
0;0.0;RemoveObject;(15, 6);;(15, 6);1;344
0;0.0;RemoveObject;(15, 6);;(15, 6);1;345
0;0.0;RemoveObject;(15, 6);;(15, 6);1;346
0;0.0;RemoveObject;(15, 6);;(15, 6);1;347
0;0.0;RemoveObject;(15, 6);;(15, 6);1;348
0;0.0;RemoveObject;(15, 6);;(15, 6);1;349
0;0.0;RemoveObject;(15, 6);;(15, 6);1;350
0;0.0;RemoveObject;(15, 6);;(15, 6);1;351
0;0.0;RemoveObject;(15, 6);;(15, 6);1;352
0;0.0;RemoveObject;(15, 6);;(15, 6);1;353
0;0.0;RemoveObject;(15, 6);;(15, 6);1;354
0;0.0;RemoveObject;(15, 6);;(15, 6);1;355
0;0.0;RemoveObject;(15, 6);;(15, 6);1;356
0;0.0;RemoveObject;(15, 6);;(15, 6);1;357
0;0.0;RemoveObject;(15, 6);;(15, 6);1;358
0;0.0;RemoveObject;(15, 6);;(15, 6);1;359
0;0.0;RemoveObject;(15, 6);;(15, 6);1;360
0;0.0;RemoveObject;(15, 6);;(15, 6);1;361
0;0.0;RemoveObject;(15, 6);;(15, 6);1;362
0;0.0;RemoveObject;(15, 6);;(15, 6);1;363
0;0.0;RemoveObject;(15, 6);;(15, 6);1;364
0;0.0;RemoveObject;(15, 6);;(15, 6);1;365
0;0.0;RemoveObject;(15, 6);;(15, 6);1;366
0;0.0;RemoveObject;(15, 6);;(15, 6);1;367
0;0.0;RemoveObject;(15, 6);;(15, 6);1;368
0;0.0;RemoveObject;(15, 6);;(15, 6);1;369
0;0.0;MoveSouth;(15, 6);;(15, 6);1;370
0;0.0;MoveSouth;(15, 6);;(15, 6);1;371
0;0.0;MoveSouth;(15, 6);;(15, 6);1;372
0;0.0;MoveSouth;(15, 6);;(15, 6);1;373
0;0.0;MoveSouth;(15, 6);;(15, 6);1;374
0;0.0;MoveSouth;(15, 6);;(15, 6);1;375
0;0.0;MoveSouth;(15, 6);;(15, 6);1;376
0;0.0;MoveSouth;(15, 6);;(15, 6);1;377
0;0.0;MoveSouth;(15, 7);;(15, 6);1;378
0;0.0;MoveSouthWest;(15, 7);;(15, 6);1;379
0;0.0;MoveSouthWest;(15, 7);;(15, 6);1;380
0;0.0;MoveSouthWest;(15, 7);;(15, 6);1;381
0;0.0;MoveSouthWest;(15, 7);;(15, 6);1;382
0;0.0;MoveSouthWest;(15, 7);;(15, 6);1;383
0;0.0;MoveSouthWest;(15, 7);;(15, 6);1;384
0;0.0;MoveSouthWest;(15, 7);;(15, 6);1;385
0;0.0;MoveSouthWest;(15, 7);;(15, 6);1;386
0;0.0;MoveSouthWest;(14, 8);;(15, 6);1;387
0;0.0;MoveSouthEast;(14, 8);;(15, 6);1;388
0;0.0;MoveSouthEast;(14, 8);;(15, 6);1;389
0;0.0;MoveSouthEast;(14, 8);;(15, 6);1;390
0;0.0;MoveSouthEast;(14, 8);;(15, 6);1;391
0;0.0;MoveSouthEast;(14, 8);;(15, 6);1;392
0;0.0;MoveSouthEast;(14, 8);;(15, 6);1;393
0;0.0;MoveSouthEast;(14, 8);;(15, 6);1;394
0;0.0;MoveSouthEast;(14, 8);;(15, 6);1;395
0;0.0;MoveSouthEast;(15, 9);;(15, 6);1;396
0;0.0;MoveNorthEast;(15, 9);;(15, 6);1;397
0;0.0;MoveNorthEast;(15, 9);;(15, 6);1;398
0;0.0;MoveNorthEast;(15, 9);;(15, 6);1;399
0;0.0;MoveNorthEast;(15, 9);;(15, 6);1;400
0;0.0;MoveNorthEast;(15, 9);;(15, 6);1;401
0;0.0;MoveNorthEast;(15, 9);MoveSouth;(15, 7);1;402
0;0.0;MoveNorthEast;(15, 9);;(15, 7);1;403
0;0.0;MoveNorthEast;(15, 9);;(15, 7);1;404
0;0.0;MoveNorthEast;(16, 8);;(15, 7);1;405
0;0.0;;(16, 8);;(15, 7);1;406
0;0.0;;(16, 8);;(15, 7);1;407
0;0.0;;(16, 8);;(15, 7);1;408
0;0.0;;(16, 8);;(15, 7);1;409
0;0.0;;(16, 8);;(15, 7);1;410
0;0.0;;(16, 8);;(15, 7);1;411
0;0.0;;(16, 8);;(15, 7);1;412
0;0.0;;(16, 8);;(15, 7);1;413
0;0.0;;(16, 8);;(15, 7);1;414
0;0.0;;(16, 8);;(15, 7);1;415
0;0.0;;(16, 8);;(15, 7);1;416
0;0.0;;(16, 8);;(15, 7);1;417
0;0.0;;(16, 8);;(15, 7);1;418
0;0.0;;(16, 8);;(15, 7);1;419
0;0.0;;(16, 8);;(15, 7);1;420
0;0.0;;(16, 8);;(15, 7);1;421
0;0.0;;(16, 8);;(15, 7);1;422
0;0.0;Idle;(16, 8);;(15, 7);1;423
0;0.0;Idle;(16, 8);;(15, 7);1;424
0;0.0;Idle;(16, 8);;(15, 7);1;425
0;0.0;Idle;(16, 8);;(15, 7);1;426
0;0.0;Idle;(16, 8);;(15, 7);1;427
0;0.0;Idle;(16, 8);MoveSouth;(15, 8);1;428
0;0.0;Idle;(16, 8);;(15, 8);1;429
0;0.0;Idle;(16, 8);;(15, 8);1;430
0;0.0;Idle;(16, 8);;(15, 8);1;431
0;0.0;Idle;(16, 8);;(15, 8);1;432
0;0.0;Idle;(16, 8);;(15, 8);1;433
0;0.0;Idle;(16, 8);;(15, 8);1;434
0;0.0;Idle;(16, 8);;(15, 8);1;435
0;0.0;Idle;(16, 8);;(15, 8);1;436
0;0.0;Idle;(16, 8);;(15, 8);1;437
0;0.0;Idle;(16, 8);MoveWest;(14, 8);1;438
0;0.0;Idle;(16, 8);;(14, 8);1;439
0;0.0;Idle;(16, 8);;(14, 8);1;440
0;0.0;Idle;(16, 8);;(14, 8);1;441
0;0.0;Idle;(16, 8);;(14, 8);1;442
0;0.0;Idle;(16, 8);;(14, 8);1;443
0;0.0;Idle;(16, 8);;(14, 8);1;444
0;0.0;Idle;(16, 8);;(14, 8);1;445
0;0.0;Idle;(16, 8);;(14, 8);1;446
0;0.0;Idle;(16, 8);;(14, 8);1;447
0;0.0;Idle;(16, 8);;(14, 8);1;448
0;0.0;MoveWest;(16, 8);;(14, 8);1;449
0;0.0;MoveWest;(16, 8);;(14, 8);1;450
0;0.0;MoveWest;(16, 8);;(14, 8);1;451
0;0.0;MoveWest;(16, 8);;(14, 8);1;452
0;0.0;MoveWest;(16, 8);;(14, 8);1;453
0;0.0;MoveWest;(16, 8);;(14, 8);1;454
0;0.0;MoveWest;(16, 8);;(14, 8);1;455
0;0.0;MoveWest;(16, 8);;(14, 8);1;456
0;0.0;MoveWest;(15, 8);;(14, 8);1;457
0;0.0;MoveWest;(15, 8);;(14, 8);1;458
0;0.0;MoveWest;(15, 8);;(14, 8);1;459
0;0.0;MoveWest;(15, 8);;(14, 8);1;460
0;0.0;MoveWest;(15, 8);;(14, 8);1;461
0;0.0;MoveWest;(15, 8);;(14, 8);1;462
0;0.0;MoveWest;(15, 8);;(14, 8);1;463
0;0.0;MoveWest;(15, 8);;(14, 8);1;464
0;0.0;MoveWest;(15, 8);;(14, 8);1;465
0;0.0;MoveWest;(14, 8);;(14, 8);1;466
0;0.0;;(14, 8);CarryObjectTogether;(14, 8);1;467
0;0.0;;(14, 8);;(14, 8);1;468
0;0.0;;(14, 8);;(14, 8);1;469
0;0.0;;(14, 8);;(14, 8);1;470
0;0.0;;(14, 8);;(14, 8);1;471
0;0.0;;(14, 8);;(14, 8);1;472
0;0.0;;(14, 8);;(14, 8);1;473
0;0.0;;(14, 8);;(14, 8);1;474
0;0.0;;(14, 8);;(14, 8);1;475
0;0.0;;(14, 8);;(14, 8);1;476
0;0.0;;(14, 8);;(14, 8);1;477
0;0.0;;(14, 8);;(14, 8);1;478
0;0.0;;(14, 8);;(14, 8);1;479
0;0.0;;(14, 8);MoveEast;(15, 8);1;480
0;0.0;;(14, 8);;(15, 8);1;481
0;0.0;;(14, 8);;(15, 8);1;482
0;0.0;;(14, 8);;(15, 8);1;483
0;0.0;;(14, 8);;(15, 8);1;484
0;0.0;;(14, 8);;(15, 8);1;485
0;0.0;;(14, 8);;(15, 8);1;486
0;0.0;;(14, 8);;(15, 8);1;487
0;0.0;;(14, 8);;(15, 8);1;488
0;0.0;;(14, 8);MoveNorth;(15, 7);1;489
0;0.0;;(14, 8);;(15, 7);1;490
0;0.0;;(14, 8);;(15, 7);1;491
0;0.0;;(14, 8);;(15, 7);1;492
0;0.0;;(14, 8);;(15, 7);1;493
0;0.0;;(14, 8);;(15, 7);1;494
0;0.0;;(14, 8);;(15, 7);1;495
0;0.0;;(14, 8);;(15, 7);1;496
0;0.0;;(14, 8);;(15, 7);1;497
0;0.0;;(14, 8);;(15, 7);1;498
0;0.0;;(14, 8);;(15, 7);1;499
0;0.0;;(14, 8);;(15, 7);1;500
0;0.0;;(14, 8);;(15, 7);1;501
0;0.0;;(14, 8);;(15, 7);1;502
0;0.0;;(14, 8);;(15, 7);1;503
0;0.0;;(14, 8);;(15, 7);1;504
0;0.0;;(14, 8);;(15, 7);1;505
0;0.0;;(14, 8);;(15, 7);1;506
0;0.0;;(14, 8);;(15, 7);1;507
0;0.0;;(14, 8);;(15, 7);1;508
0;0.0;;(14, 8);;(15, 7);1;509
0;0.0;;(14, 8);MoveNorth;(15, 6);1;510
0;0.0;;(14, 8);;(15, 6);1;511
0;0.0;;(14, 8);;(15, 6);1;512
0;0.0;;(14, 8);;(15, 6);1;513
0;0.0;;(14, 8);;(15, 6);1;514
0;0.0;;(14, 8);;(15, 6);1;515
0;0.0;;(14, 8);;(15, 6);1;516
0;0.0;;(14, 8);;(15, 6);1;517
0;0.0;;(14, 8);MoveEast;(16, 6);1;518
0;0.0;;(14, 8);;(16, 6);1;519
0;0.0;;(14, 8);;(16, 6);1;520
0;0.0;;(14, 8);;(16, 6);1;521
0;0.0;;(14, 8);;(16, 6);1;522
0;0.0;;(14, 8);;(16, 6);1;523
0;0.0;;(14, 8);;(16, 6);1;524
0;0.0;;(14, 8);;(16, 6);1;525
0;0.0;;(14, 8);;(16, 6);1;526
0;0.0;;(14, 8);;(16, 6);1;527
0;0.0;;(14, 8);;(16, 6);1;528
0;0.0;;(14, 8);;(16, 6);1;529
0;0.0;;(14, 8);;(16, 6);1;530
0;0.0;;(14, 8);;(16, 6);1;531
0;0.0;;(14, 8);;(16, 6);1;532
0;0.0;;(14, 8);;(16, 6);1;533
0;0.0;;(14, 8);;(16, 6);1;534
0;0.0;;(14, 8);;(16, 6);1;535
0;0.0;;(14, 8);;(16, 6);1;536
0;0.0;;(16, 6);DropObjectTogether;(16, 6);1;537
0;0.0;CarryObject;(16, 6);;(16, 6);1;538
0;0.0;CarryObject;(16, 6);;(16, 6);1;539
0;0.0;CarryObject;(16, 6);;(16, 6);1;540
0;0.0;CarryObject;(16, 6);;(16, 6);1;541
0;0.0;CarryObject;(16, 6);;(16, 6);1;542
0;0.0;CarryObject;(16, 6);MoveWest;(15, 6);1;543
0;0.0;CarryObject;(16, 6);;(15, 6);1;544
0;0.0;CarryObject;(16, 6);;(15, 6);1;545
0;0.0;CarryObject;(16, 6);;(15, 6);1;546
0;0.0;CarryObject;(16, 6);;(15, 6);1;547
0;0.0;CarryObject;(16, 6);;(15, 6);1;548
0;0.0;CarryObject;(16, 6);;(15, 6);1;549
0;0.0;CarryObject;(16, 6);;(15, 6);1;550
0;0.0;CarryObject;(16, 6);;(15, 6);1;551
0;0.0;CarryObject;(16, 6);;(15, 6);1;552
0;0.0;CarryObject;(16, 6);;(15, 6);1;553
0;0.0;CarryObject;(16, 6);;(15, 6);1;554
0;0.0;CarryObject;(16, 6);;(15, 6);1;555
0;0.0;CarryObject;(16, 6);;(15, 6);1;556
0;0.0;CarryObject;(16, 6);;(15, 6);1;557
0;0.0;CarryObject;(16, 6);;(15, 6);1;558
0;0.0;CarryObject;(16, 6);;(15, 6);1;559
0;0.0;CarryObject;(16, 6);;(15, 6);1;560
0;0.0;CarryObject;(16, 6);;(15, 6);1;561
0;0.0;CarryObject;(16, 6);;(15, 6);1;562
0;0.0;CarryObject;(16, 6);;(15, 6);1;563
0;0.0;CarryObject;(16, 6);;(15, 6);1;564
0;0.0;CarryObject;(16, 6);MoveWest;(14, 6);1;565
0;0.0;CarryObject;(16, 6);;(14, 6);1;566
0;0.0;CarryObject;(16, 6);;(14, 6);1;567
0;0.0;CarryObject;(16, 6);;(14, 6);1;568
0;0.0;CarryObject;(16, 6);;(14, 6);1;569
0;0.0;CarryObject;(16, 6);;(14, 6);1;570
0;0.0;CarryObject;(16, 6);;(14, 6);1;571
0;0.0;CarryObject;(16, 6);;(14, 6);1;572
0;0.0;CarryObject;(16, 6);;(14, 6);1;573
0;0.0;CarryObject;(16, 6);;(14, 6);1;574
0;0.0;CarryObject;(16, 6);;(14, 6);1;575
0;0.0;CarryObject;(16, 6);;(14, 6);1;576
0;0.0;CarryObject;(16, 6);;(14, 6);1;577
0;0.0;CarryObject;(16, 6);;(14, 6);1;578
0;0.0;CarryObject;(16, 6);;(14, 6);1;579
0;0.0;CarryObject;(16, 6);;(14, 6);1;580
0;0.0;CarryObject;(16, 6);;(14, 6);1;581
0;0.0;CarryObject;(16, 6);;(14, 6);1;582
0;0.0;CarryObject;(16, 6);;(14, 6);1;583
0;0.0;CarryObject;(16, 6);;(14, 6);1;584
0;0.0;CarryObject;(16, 6);;(14, 6);1;585
0;0.0;CarryObject;(16, 6);;(14, 6);1;586
0;0.0;CarryObject;(16, 6);;(14, 6);1;587
0;0.0;CarryObject;(16, 6);;(14, 6);1;588
0;0.0;CarryObject;(16, 6);MoveWest;(13, 6);1;589
0;0.0;CarryObject;(16, 6);;(13, 6);1;590
0;0.0;CarryObject;(16, 6);;(13, 6);1;591
0;0.0;CarryObject;(16, 6);;(13, 6);1;592
0;0.0;CarryObject;(16, 6);;(13, 6);1;593
0;0.0;CarryObject;(16, 6);;(13, 6);1;594
0;0.0;CarryObject;(16, 6);;(13, 6);1;595
0;0.0;CarryObject;(16, 6);;(13, 6);1;596
0;0.0;CarryObject;(16, 6);;(13, 6);1;597
0;0.0;CarryObject;(16, 6);;(13, 6);1;598
0;0.0;CarryObject;(16, 6);;(13, 6);1;599
0;0.0;CarryObject;(16, 6);;(13, 6);1;600
0;0.0;CarryObject;(16, 6);;(13, 6);1;601
0;0.0;CarryObject;(16, 6);;(13, 6);1;602
0;0.0;CarryObject;(16, 6);;(13, 6);1;603
0;0.0;CarryObject;(16, 6);;(13, 6);1;604
0;0.0;CarryObject;(16, 6);;(13, 6);1;605
0;0.0;CarryObject;(16, 6);;(13, 6);1;606
0;0.0;CarryObject;(16, 6);;(13, 6);1;607
0;0.0;CarryObject;(16, 6);;(13, 6);1;608
0;0.0;CarryObject;(16, 6);;(13, 6);1;609
0;0.0;CarryObject;(16, 6);;(13, 6);1;610
0;0.0;CarryObject;(16, 6);;(13, 6);1;611
0;0.0;CarryObject;(16, 6);;(13, 6);1;612
0;0.0;CarryObject;(16, 6);;(13, 6);1;613
0;0.0;CarryObject;(16, 6);;(13, 6);1;614
0;0.0;CarryObject;(16, 6);;(13, 6);1;615
0;0.0;CarryObject;(16, 6);;(13, 6);1;616
0;0.0;CarryObject;(16, 6);;(13, 6);1;617
0;0.0;CarryObject;(16, 6);;(13, 6);1;618
0;0.0;CarryObject;(16, 6);;(13, 6);1;619
0;0.0;CarryObject;(16, 6);;(13, 6);1;620
0;0.0;CarryObject;(16, 6);;(13, 6);1;621
0;0.0;CarryObject;(16, 6);;(13, 6);1;622
0;0.0;CarryObject;(16, 6);;(13, 6);1;623
0;0.0;CarryObject;(16, 6);;(13, 6);1;624
0;0.0;CarryObject;(16, 6);;(13, 6);1;625
0;0.0;CarryObject;(16, 6);;(13, 6);1;626
0;0.0;CarryObject;(16, 6);;(13, 6);1;627
0;0.0;CarryObject;(16, 6);;(13, 6);1;628
0;0.0;CarryObject;(16, 6);;(13, 6);1;629
0;0.0;CarryObject;(16, 6);;(13, 6);1;630
0;0.0;CarryObject;(16, 6);;(13, 6);1;631
0;0.0;CarryObject;(16, 6);;(13, 6);1;632
0;0.0;CarryObject;(16, 6);;(13, 6);1;633
0;0.0;CarryObject;(16, 6);;(13, 6);1;634
0;0.0;CarryObject;(16, 6);;(13, 6);1;635
0;0.0;CarryObject;(16, 6);;(13, 6);1;636
0;0.0;CarryObject;(16, 6);;(13, 6);1;637
0;0.0;CarryObject;(16, 6);;(13, 6);1;638
0;0.0;CarryObject;(16, 6);;(13, 6);1;639
0;0.0;CarryObject;(16, 6);;(13, 6);1;640
0;0.0;CarryObject;(16, 6);;(13, 6);1;641
0;0.0;CarryObject;(16, 6);;(13, 6);1;642
0;0.0;CarryObject;(16, 6);;(13, 6);1;643
0;0.0;CarryObject;(16, 6);;(13, 6);1;644
0;0.0;CarryObject;(16, 6);;(13, 6);1;645
0;0.0;CarryObject;(16, 6);;(13, 6);1;646
0;0.0;CarryObject;(16, 6);;(13, 6);1;647
0;0.0;CarryObject;(16, 6);;(13, 6);1;648
0;0.0;CarryObject;(16, 6);;(13, 6);1;649
0;0.0;CarryObject;(16, 6);;(13, 6);1;650
0;0.0;CarryObject;(16, 6);;(13, 6);1;651
0;0.0;CarryObject;(16, 6);;(13, 6);1;652
0;0.0;CarryObject;(16, 6);;(13, 6);1;653
0;0.0;CarryObject;(16, 6);;(13, 6);1;654
0;0.0;CarryObject;(16, 6);;(13, 6);1;655
0;0.0;CarryObject;(16, 6);;(13, 6);1;656
0;0.0;CarryObject;(16, 6);;(13, 6);1;657
0;0.0;CarryObject;(16, 6);;(13, 6);1;658
0;0.0;CarryObject;(16, 6);;(13, 6);1;659
0;0.0;CarryObject;(16, 6);;(13, 6);1;660
0;0.0;CarryObject;(16, 6);;(13, 6);1;661
0;0.0;CarryObject;(16, 6);;(13, 6);1;662
0;0.0;CarryObject;(16, 6);;(13, 6);1;663
0;0.0;CarryObject;(16, 6);;(13, 6);1;664
0;0.0;CarryObject;(16, 6);;(13, 6);1;665
0;0.0;CarryObject;(16, 6);;(13, 6);1;666
0;0.0;CarryObject;(16, 6);;(13, 6);1;667
0;0.0;CarryObject;(16, 6);;(13, 6);1;668
0;0.0;CarryObject;(16, 6);;(13, 6);1;669
0;0.0;CarryObject;(16, 6);;(13, 6);1;670
0;0.0;CarryObject;(16, 6);;(13, 6);1;671
0;0.0;CarryObject;(16, 6);;(13, 6);1;672
0;0.0;CarryObject;(16, 6);;(13, 6);1;673
0;0.0;CarryObject;(16, 6);;(13, 6);1;674
0;0.0;CarryObject;(16, 6);;(13, 6);1;675
0;0.0;CarryObject;(16, 6);;(13, 6);1;676
0;0.0;CarryObject;(16, 6);;(13, 6);1;677
0;0.0;CarryObject;(16, 6);;(13, 6);1;678
0;0.0;CarryObject;(16, 6);;(13, 6);1;679
0;0.0;CarryObject;(16, 6);;(13, 6);1;680
0;0.0;CarryObject;(16, 6);;(13, 6);1;681
0;0.0;CarryObject;(16, 6);;(13, 6);1;682
0;0.0;CarryObject;(16, 6);;(13, 6);1;683
0;0.0;CarryObject;(16, 6);;(13, 6);1;684
0;0.0;CarryObject;(16, 6);;(13, 6);1;685
0;0.0;CarryObject;(16, 6);;(13, 6);1;686
0;0.0;CarryObject;(16, 6);;(13, 6);1;687
0;0.0;CarryObject;(16, 6);;(13, 6);1;688
0;0.0;;(16, 6);;(13, 6);1;689
0;0.0;;(16, 6);;(13, 6);1;690
0;0.0;;(16, 6);;(13, 6);1;691
0;0.0;;(16, 6);;(13, 6);1;692
0;0.0;;(16, 6);;(13, 6);1;693
0;0.0;;(16, 6);;(13, 6);1;694
0;0.0;;(16, 6);;(13, 6);1;695
0;0.0;;(16, 6);;(13, 6);1;696
0;0.0;;(16, 6);;(13, 6);1;697
0;0.0;;(16, 6);;(13, 6);1;698
0;0.0;;(16, 6);;(13, 6);1;699
0;0.0;;(16, 6);;(13, 6);1;700
0;0.0;;(16, 6);;(13, 6);1;701
0;0.0;;(16, 6);;(13, 6);1;702
0;0.0;;(16, 6);;(13, 6);1;703
0;0.0;;(16, 6);;(13, 6);1;704
0;0.0;;(16, 6);;(13, 6);1;705
0;0.0;;(16, 6);;(13, 6);1;706
0;0.0;;(16, 6);;(13, 6);1;707
0;0.0;;(16, 6);;(13, 6);1;708
0;0.0;;(16, 6);;(13, 6);1;709
0;0.0;;(16, 6);;(13, 6);1;710
0;0.0;;(16, 6);;(13, 6);1;711
0;0.0;;(16, 6);;(13, 6);1;712
0;0.0;;(16, 6);;(13, 6);1;713
0;0.0;;(16, 6);;(13, 6);1;714
0;0.0;;(16, 6);;(13, 6);1;715
0;0.0;;(16, 6);;(13, 6);1;716
0;0.0;;(16, 6);;(13, 6);1;717
0;0.0;;(16, 6);;(13, 6);1;718
0;0.0;;(16, 6);;(13, 6);1;719
0;0.0;;(16, 6);;(13, 6);1;720
0;0.0;;(16, 6);;(13, 6);1;721
0;0.0;;(16, 6);;(13, 6);1;722
0;0.0;;(16, 6);;(13, 6);1;723
0;0.0;;(16, 6);;(13, 6);1;724
0;0.0;;(16, 6);;(13, 6);1;725
0;0.0;;(16, 6);;(13, 6);1;726
0;0.0;;(16, 6);;(13, 6);1;727
0;0.0;;(16, 6);;(13, 6);1;728
0;0.0;;(16, 6);;(13, 6);1;729
0;0.0;;(16, 6);;(13, 6);1;730
0;0.0;;(16, 6);;(13, 6);1;731
0;0.0;;(16, 6);;(13, 6);1;732
0;0.0;;(16, 6);;(13, 6);1;733
0;0.0;;(16, 6);;(13, 6);1;734
0;0.0;;(16, 6);;(13, 6);1;735
0;0.0;;(16, 6);;(13, 6);1;736
0;0.0;;(16, 6);;(13, 6);1;737
0;0.0;;(16, 6);;(13, 6);1;738
0;0.0;;(16, 6);;(13, 6);1;739
0;0.0;;(16, 6);;(13, 6);1;740
0;0.0;;(16, 6);;(13, 6);1;741
0;0.0;;(16, 6);;(13, 6);1;742
0;0.0;;(16, 6);;(13, 6);1;743
0;0.0;;(16, 6);MoveEast;(14, 6);1;744
0;0.0;MoveEast;(16, 6);;(14, 6);1;745
0;0.0;MoveEast;(16, 6);;(14, 6);1;746
0;0.0;MoveEast;(16, 6);;(14, 6);1;747
0;0.0;MoveEast;(16, 6);;(14, 6);1;748
0;0.0;MoveEast;(16, 6);;(14, 6);1;749
0;0.0;MoveEast;(16, 6);;(14, 6);1;750
0;0.0;MoveEast;(16, 6);;(14, 6);1;751
0;0.0;MoveEast;(16, 6);MoveEast;(15, 6);1;752
0;0.0;MoveEast;(17, 6);;(15, 6);1;753
0;0.0;MoveSouthEast;(17, 6);;(15, 6);1;754
0;0.0;MoveSouthEast;(17, 6);;(15, 6);1;755
0;0.0;MoveSouthEast;(17, 6);;(15, 6);1;756
0;0.0;MoveSouthEast;(17, 6);;(15, 6);1;757
0;0.0;MoveSouthEast;(17, 6);;(15, 6);1;758
0;0.0;MoveSouthEast;(17, 6);;(15, 6);1;759
0;0.0;MoveSouthEast;(17, 6);;(15, 6);1;760
0;0.0;MoveSouthEast;(17, 6);;(15, 6);1;761
0;0.0;MoveSouthEast;(18, 7);;(15, 6);1;762
0;0.0;MoveSouthEast;(18, 7);;(15, 6);1;763
0;0.0;MoveSouthEast;(18, 7);;(15, 6);1;764
0;0.0;MoveSouthEast;(18, 7);;(15, 6);1;765
0;0.0;MoveSouthEast;(18, 7);;(15, 6);1;766
0;0.0;MoveSouthEast;(18, 7);MoveWest;(14, 6);1;767
0;0.0;MoveSouthEast;(18, 7);;(14, 6);1;768
0;0.0;MoveSouthEast;(18, 7);MoveWest;(13, 6);1;769
0;0.0;MoveSouthEast;(18, 7);;(13, 6);1;770
0;0.0;MoveSouthEast;(19, 8);;(13, 6);1;771
0;0.0;MoveSouthEast;(19, 8);;(13, 6);1;772
0;0.0;MoveSouthEast;(19, 8);;(13, 6);1;773
0;0.0;MoveSouthEast;(19, 8);;(13, 6);1;774
0;0.0;MoveSouthEast;(19, 8);;(13, 6);1;775
0;0.0;MoveSouthEast;(19, 8);;(13, 6);1;776
0;0.0;MoveSouthEast;(19, 8);;(13, 6);1;777
0;0.0;MoveSouthEast;(19, 8);;(13, 6);1;778
0;0.0;MoveSouthEast;(19, 8);;(13, 6);1;779
0;0.0;MoveSouthEast;(19, 8);;(13, 6);1;780
0;0.0;MoveSouthEast;(19, 8);;(13, 6);1;781
0;0.0;MoveSouthEast;(19, 8);;(13, 6);1;782
0;0.0;MoveSouthEast;(19, 8);;(13, 6);1;783
0;0.0;MoveSouthEast;(19, 8);;(13, 6);1;784
0;0.0;MoveSouthEast;(20, 9);;(13, 6);1;785
0;0.0;MoveSouthEast;(20, 9);;(13, 6);1;786
0;0.0;MoveSouthEast;(20, 9);;(13, 6);1;787
0;0.0;MoveSouthEast;(20, 9);;(13, 6);1;788
0;0.0;MoveSouthEast;(20, 9);;(13, 6);1;789
0;0.0;MoveSouthEast;(20, 9);;(13, 6);1;790
0;0.0;MoveSouthEast;(20, 9);;(13, 6);1;791
0;0.0;MoveSouthEast;(20, 9);;(13, 6);1;792
0;0.0;MoveSouthEast;(20, 9);;(13, 6);1;793
0;0.0;MoveSouthEast;(21, 10);;(13, 6);1;794
0;0.0;MoveSouthEast;(21, 10);;(13, 6);1;795
0;0.0;MoveSouthEast;(21, 10);;(13, 6);1;796
0;0.0;MoveSouthEast;(21, 10);;(13, 6);1;797
0;0.0;MoveSouthEast;(21, 10);;(13, 6);1;798
0;0.0;MoveSouthEast;(21, 10);;(13, 6);1;799
0;0.0;MoveSouthEast;(21, 10);;(13, 6);1;800
0;0.0;MoveSouthEast;(21, 10);;(13, 6);1;801
0;0.0;MoveSouthEast;(21, 10);;(13, 6);1;802
0;0.0;MoveSouthEast;(22, 11);;(13, 6);1;803
0;0.0;MoveSouth;(22, 11);;(13, 6);1;804
0;0.0;MoveSouth;(22, 11);;(13, 6);1;805
0;0.0;MoveSouth;(22, 11);;(13, 6);1;806
0;0.0;MoveSouth;(22, 11);;(13, 6);1;807
0;0.0;MoveSouth;(22, 11);;(13, 6);1;808
0;0.0;MoveSouth;(22, 11);;(13, 6);1;809
0;0.0;MoveSouth;(22, 11);;(13, 6);1;810
0;0.0;MoveSouth;(22, 11);;(13, 6);1;811
0;0.0;MoveSouth;(22, 12);;(13, 6);1;812
0;0.0;MoveSouth;(22, 12);;(13, 6);1;813
0;0.0;MoveSouth;(22, 12);;(13, 6);1;814
0;0.0;MoveSouth;(22, 12);;(13, 6);1;815
0;0.0;MoveSouth;(22, 12);;(13, 6);1;816
0;0.0;MoveSouth;(22, 12);;(13, 6);1;817
0;0.0;MoveSouth;(22, 12);;(13, 6);1;818
0;0.0;MoveSouth;(22, 12);;(13, 6);1;819
0;0.0;MoveSouth;(22, 12);;(13, 6);1;820
0;0.0;MoveSouth;(22, 13);;(13, 6);1;821
0;0.0;MoveSouthEast;(22, 13);;(13, 6);1;822
0;0.0;MoveSouthEast;(22, 13);;(13, 6);1;823
0;0.0;MoveSouthEast;(22, 13);;(13, 6);1;824
0;0.0;MoveSouthEast;(22, 13);;(13, 6);1;825
0;0.0;MoveSouthEast;(22, 13);;(13, 6);1;826
0;0.0;MoveSouthEast;(22, 13);;(13, 6);1;827
0;0.0;MoveSouthEast;(22, 13);;(13, 6);1;828
0;0.0;MoveSouthEast;(22, 13);;(13, 6);1;829
0;0.0;MoveSouthEast;(23, 14);;(13, 6);1;830
0;0.0;Drop;(23, 14);;(13, 6);1;831
0;0.0;Drop;(23, 14);;(13, 6);1;832
0;0.0;Drop;(23, 14);;(13, 6);1;833
0;0.0;Drop;(23, 14);;(13, 6);1;834
0;0.0;Drop;(23, 14);;(13, 6);1;835
0;0.0;Drop;(23, 14);;(13, 6);1;836
0;0.0;Drop;(23, 14);;(13, 6);1;837
0;0.0;Drop;(23, 14);;(13, 6);1;838
3;0.125;Drop;(23, 14);;(13, 6);1;839
3;0.125;MoveNorthWest;(23, 14);;(13, 6);1;840
3;0.125;MoveNorthWest;(23, 14);;(13, 6);1;841
3;0.125;MoveNorthWest;(23, 14);;(13, 6);1;842
3;0.125;MoveNorthWest;(23, 14);;(13, 6);1;843
3;0.125;MoveNorthWest;(23, 14);;(13, 6);1;844
3;0.125;MoveNorthWest;(23, 14);;(13, 6);1;845
3;0.125;MoveNorthWest;(23, 14);;(13, 6);1;846
3;0.125;MoveNorthWest;(23, 14);;(13, 6);1;847
3;0.125;MoveNorthWest;(22, 13);;(13, 6);1;848
3;0.125;MoveNorthWest;(22, 13);;(13, 6);1;849
3;0.125;MoveNorthWest;(22, 13);;(13, 6);1;850
3;0.125;MoveNorthWest;(22, 13);;(13, 6);1;851
3;0.125;MoveNorthWest;(22, 13);;(13, 6);1;852
3;0.125;MoveNorthWest;(22, 13);;(13, 6);1;853
3;0.125;MoveNorthWest;(22, 13);;(13, 6);1;854
3;0.125;MoveNorthWest;(22, 13);;(13, 6);1;855
3;0.125;MoveNorthWest;(22, 13);;(13, 6);1;856
3;0.125;MoveNorthWest;(21, 12);;(13, 6);1;857
3;0.125;MoveNorthWest;(21, 12);;(13, 6);1;858
3;0.125;MoveNorthWest;(21, 12);;(13, 6);1;859
3;0.125;MoveNorthWest;(21, 12);;(13, 6);1;860
3;0.125;MoveNorthWest;(21, 12);;(13, 6);1;861
3;0.125;MoveNorthWest;(21, 12);;(13, 6);1;862
3;0.125;MoveNorthWest;(21, 12);;(13, 6);1;863
3;0.125;MoveNorthWest;(21, 12);;(13, 6);1;864
3;0.125;MoveNorthWest;(21, 12);;(13, 6);1;865
3;0.125;MoveNorthWest;(20, 11);;(13, 6);1;866
3;0.125;MoveNorthWest;(20, 11);;(13, 6);1;867
3;0.125;MoveNorthWest;(20, 11);;(13, 6);1;868
3;0.125;MoveNorthWest;(20, 11);;(13, 6);1;869
3;0.125;MoveNorthWest;(20, 11);;(13, 6);1;870
3;0.125;MoveNorthWest;(20, 11);;(13, 6);1;871
3;0.125;MoveNorthWest;(20, 11);;(13, 6);1;872
3;0.125;MoveNorthWest;(20, 11);;(13, 6);1;873
3;0.125;MoveNorthWest;(20, 11);;(13, 6);1;874
3;0.125;MoveNorthWest;(19, 10);;(13, 6);1;875
3;0.125;MoveNorthWest;(19, 10);;(13, 6);1;876
3;0.125;MoveNorthWest;(19, 10);;(13, 6);1;877
3;0.125;MoveNorthWest;(19, 10);;(13, 6);1;878
3;0.125;MoveNorthWest;(19, 10);;(13, 6);1;879
3;0.125;MoveNorthWest;(19, 10);;(13, 6);1;880
3;0.125;MoveNorthWest;(19, 10);;(13, 6);1;881
3;0.125;MoveNorthWest;(19, 10);;(13, 6);1;882
3;0.125;MoveNorthWest;(19, 10);;(13, 6);1;883
3;0.125;MoveNorthWest;(18, 9);;(13, 6);1;884
3;0.125;MoveNorth;(18, 9);;(13, 6);1;885
3;0.125;MoveNorth;(18, 9);;(13, 6);1;886
3;0.125;MoveNorth;(18, 9);;(13, 6);1;887
3;0.125;MoveNorth;(18, 9);;(13, 6);1;888
3;0.125;MoveNorth;(18, 9);;(13, 6);1;889
3;0.125;MoveNorth;(18, 9);;(13, 6);1;890
3;0.125;MoveNorth;(18, 9);;(13, 6);1;891
3;0.125;MoveNorth;(18, 9);;(13, 6);1;892
3;0.125;MoveNorth;(18, 9);;(13, 6);1;893
3;0.125;MoveNorth;(18, 9);;(13, 6);1;894
3;0.125;MoveNorth;(18, 9);;(13, 6);1;895
3;0.125;MoveNorth;(18, 9);MoveNorth;(13, 5);1;896
3;0.125;MoveNorth;(18, 9);;(13, 5);1;897
3;0.125;MoveNorth;(18, 8);;(13, 5);1;898
3;0.125;MoveNorth;(18, 8);;(13, 5);1;899
3;0.125;MoveNorth;(18, 8);;(13, 5);1;900
3;0.125;MoveNorth;(18, 8);;(13, 5);1;901
3;0.125;MoveNorth;(18, 8);MoveNorth;(13, 5);1;902
3;0.125;MoveNorth;(18, 8);;(13, 5);1;903
3;0.125;MoveNorth;(18, 8);MoveWest;(12, 5);1;904
3;0.125;MoveNorth;(18, 8);;(12, 5);1;905
3;0.125;MoveNorth;(18, 8);;(12, 5);1;906
3;0.125;MoveNorth;(18, 7);MoveWest;(11, 5);1;907
3;0.125;MoveNorthWest;(18, 7);;(11, 5);1;908
3;0.125;MoveNorthWest;(18, 7);;(11, 5);1;909
3;0.125;MoveNorthWest;(18, 7);;(11, 5);1;910
3;0.125;MoveNorthWest;(18, 7);MoveWest;(10, 5);1;911
3;0.125;MoveNorthWest;(18, 7);;(10, 5);1;912
3;0.125;MoveNorthWest;(18, 7);;(10, 5);1;913
3;0.125;MoveNorthWest;(18, 7);;(10, 5);1;914
3;0.125;MoveNorthWest;(18, 7);;(10, 5);1;915
3;0.125;MoveNorthWest;(17, 6);;(10, 5);1;916
3;0.125;MoveWest;(17, 6);;(10, 5);1;917
3;0.125;MoveWest;(17, 6);;(10, 5);1;918
3;0.125;MoveWest;(17, 6);;(10, 5);1;919
3;0.125;MoveWest;(17, 6);;(10, 5);1;920
3;0.125;MoveWest;(17, 6);;(10, 5);1;921
3;0.125;MoveWest;(17, 6);MoveWest;(10, 5);1;922
3;0.125;MoveWest;(17, 6);MoveWest;(10, 5);1;923
3;0.125;MoveWest;(17, 6);MoveWest;(10, 5);1;924
3;0.125;MoveWest;(16, 6);MoveWest;(10, 5);1;925
3;0.125;MoveWest;(16, 6);MoveWest;(10, 5);1;926
3;0.125;MoveWest;(16, 6);MoveWest;(9, 5);1;927
3;0.125;MoveWest;(16, 6);;(9, 5);1;928
3;0.125;MoveWest;(16, 6);;(9, 5);1;929
3;0.125;MoveWest;(16, 6);;(9, 5);1;930
3;0.125;MoveWest;(16, 6);;(9, 5);1;931
3;0.125;MoveWest;(16, 6);;(9, 5);1;932
3;0.125;MoveWest;(16, 6);;(9, 5);1;933
3;0.125;MoveWest;(15, 6);;(9, 5);1;934
3;0.125;MoveWest;(15, 6);;(9, 5);1;935
3;0.125;MoveWest;(15, 6);;(9, 5);1;936
3;0.125;MoveWest;(15, 6);;(9, 5);1;937
3;0.125;MoveWest;(15, 6);;(9, 5);1;938
3;0.125;MoveWest;(15, 6);;(9, 5);1;939
3;0.125;MoveWest;(15, 6);;(9, 5);1;940
3;0.125;MoveWest;(15, 6);;(9, 5);1;941
3;0.125;MoveWest;(15, 6);;(9, 5);1;942
3;0.125;MoveWest;(14, 6);;(9, 5);1;943
3;0.125;MoveWest;(14, 6);;(9, 5);1;944
3;0.125;MoveWest;(14, 6);;(9, 5);1;945
3;0.125;MoveWest;(14, 6);;(9, 5);1;946
3;0.125;MoveWest;(14, 6);;(9, 5);1;947
3;0.125;MoveWest;(14, 6);;(9, 5);1;948
3;0.125;MoveWest;(14, 6);;(9, 5);1;949
3;0.125;MoveWest;(14, 6);;(9, 5);1;950
3;0.125;MoveWest;(14, 6);;(9, 5);1;951
3;0.125;MoveWest;(13, 6);;(9, 5);1;952
3;0.125;MoveWest;(13, 6);;(9, 5);1;953
3;0.125;MoveWest;(13, 6);;(9, 5);1;954
3;0.125;MoveWest;(13, 6);;(9, 5);1;955
3;0.125;MoveWest;(13, 6);;(9, 5);1;956
3;0.125;MoveWest;(13, 6);;(9, 5);1;957
3;0.125;MoveWest;(13, 6);;(9, 5);1;958
3;0.125;MoveWest;(13, 6);;(9, 5);1;959
3;0.125;MoveWest;(13, 6);;(9, 5);1;960
3;0.125;MoveWest;(12, 6);;(9, 5);1;961
3;0.125;MoveWest;(12, 6);;(9, 5);1;962
3;0.125;MoveWest;(12, 6);;(9, 5);1;963
3;0.125;MoveWest;(12, 6);;(9, 5);1;964
3;0.125;MoveWest;(12, 6);;(9, 5);1;965
3;0.125;MoveWest;(12, 6);;(9, 5);1;966
3;0.125;MoveWest;(12, 6);;(9, 5);1;967
3;0.125;MoveWest;(12, 6);;(9, 5);1;968
3;0.125;MoveWest;(12, 6);;(9, 5);1;969
3;0.125;MoveWest;(12, 6);;(9, 5);1;970
3;0.125;MoveWest;(12, 6);;(9, 5);1;971
3;0.125;MoveWest;(12, 6);;(9, 5);1;972
3;0.125;MoveWest;(12, 6);;(9, 5);1;973
3;0.125;MoveWest;(12, 6);;(9, 5);1;974
3;0.125;MoveWest;(11, 6);;(9, 5);1;975
3;0.125;MoveNorthWest;(11, 6);;(9, 5);1;976
3;0.125;MoveNorthWest;(11, 6);;(9, 5);1;977
3;0.125;MoveNorthWest;(11, 6);;(9, 5);1;978
3;0.125;MoveNorthWest;(11, 6);;(9, 5);1;979
3;0.125;MoveNorthWest;(11, 6);;(9, 5);1;980
3;0.125;MoveNorthWest;(11, 6);;(9, 5);1;981
3;0.125;MoveNorthWest;(11, 6);;(9, 5);1;982
3;0.125;MoveNorthWest;(11, 6);;(9, 5);1;983
3;0.125;MoveNorthWest;(11, 6);;(9, 5);1;984
3;0.125;MoveNorthWest;(11, 6);;(9, 5);1;985
3;0.125;MoveNorthWest;(11, 6);;(9, 5);1;986
3;0.125;MoveNorthWest;(11, 6);;(9, 5);1;987
3;0.125;MoveNorthWest;(11, 6);;(9, 5);1;988
3;0.125;MoveNorthWest;(10, 5);;(9, 5);1;989
3;0.125;MoveWest;(10, 5);;(9, 5);1;990
3;0.125;MoveWest;(10, 5);;(9, 5);1;991
3;0.125;MoveWest;(10, 5);;(9, 5);1;992
3;0.125;MoveWest;(10, 5);;(9, 5);1;993
3;0.125;MoveWest;(10, 5);;(9, 5);1;994
3;0.125;MoveWest;(10, 5);;(9, 5);1;995
3;0.125;MoveWest;(10, 5);;(9, 5);1;996
3;0.125;MoveWest;(10, 5);;(9, 5);1;997
3;0.125;MoveWest;(10, 5);;(9, 5);1;998
3;0.125;MoveWest;(10, 5);;(9, 5);1;999
3;0.125;MoveWest;(10, 5);;(9, 5);1;1000
3;0.125;MoveWest;(10, 5);;(9, 5);1;1001
3;0.125;MoveWest;(10, 5);;(9, 5);1;1002
3;0.125;MoveWest;(9, 5);;(9, 5);1;1003
3;0.125;RemoveObject;(9, 5);;(9, 5);1;1004
3;0.125;RemoveObject;(9, 5);;(9, 5);1;1005
3;0.125;RemoveObject;(9, 5);;(9, 5);1;1006
3;0.125;RemoveObject;(9, 5);;(9, 5);1;1007
3;0.125;RemoveObject;(9, 5);;(9, 5);1;1008
3;0.125;RemoveObject;(9, 5);;(9, 5);1;1009
3;0.125;RemoveObject;(9, 5);;(9, 5);1;1010
3;0.125;RemoveObject;(9, 5);;(9, 5);1;1011
3;0.125;RemoveObject;(9, 5);;(9, 5);1;1012
3;0.125;RemoveObject;(9, 5);;(9, 5);1;1013
3;0.125;RemoveObject;(9, 5);;(9, 5);1;1014
3;0.125;RemoveObject;(9, 5);;(9, 5);1;1015
3;0.125;RemoveObject;(9, 5);;(9, 5);1;1016
3;0.125;RemoveObject;(9, 5);;(9, 5);1;1017
3;0.125;RemoveObject;(9, 5);;(9, 5);1;1018
3;0.125;RemoveObject;(9, 5);;(9, 5);1;1019
3;0.125;RemoveObject;(9, 5);;(9, 5);1;1020
3;0.125;RemoveObject;(9, 5);;(9, 5);1;1021
3;0.125;RemoveObject;(9, 5);;(9, 5);1;1022
3;0.125;RemoveObject;(9, 5);;(9, 5);1;1023
3;0.125;RemoveObject;(9, 5);;(9, 5);1;1024
3;0.125;RemoveObject;(9, 5);;(9, 5);1;1025
3;0.125;RemoveObject;(9, 5);;(9, 5);1;1026
3;0.125;RemoveObject;(9, 5);;(9, 5);1;1027
3;0.125;RemoveObject;(9, 5);;(9, 5);1;1028
3;0.125;RemoveObject;(9, 5);;(9, 5);1;1029
3;0.125;RemoveObject;(9, 5);;(9, 5);1;1030
3;0.125;RemoveObject;(9, 5);;(9, 5);1;1031
3;0.125;RemoveObject;(9, 5);;(9, 5);1;1032
3;0.125;RemoveObject;(9, 5);;(9, 5);1;1033
3;0.125;RemoveObject;(9, 5);;(9, 5);1;1034
3;0.125;RemoveObject;(9, 5);;(9, 5);1;1035
3;0.125;RemoveObject;(9, 5);;(9, 5);1;1036
3;0.125;RemoveObject;(9, 5);;(9, 5);1;1037
3;0.125;RemoveObject;(9, 5);;(9, 5);1;1038
3;0.125;RemoveObject;(9, 5);;(9, 5);1;1039
3;0.125;RemoveObject;(9, 5);;(9, 5);1;1040
3;0.125;RemoveObject;(9, 5);;(9, 5);1;1041
3;0.125;RemoveObject;(9, 5);;(9, 5);1;1042
3;0.125;RemoveObject;(9, 5);;(9, 5);1;1043
3;0.125;RemoveObject;(9, 5);;(9, 5);1;1044
3;0.125;RemoveObject;(9, 5);;(9, 5);1;1045
3;0.125;RemoveObject;(9, 5);;(9, 5);1;1046
3;0.125;RemoveObject;(9, 5);;(9, 5);1;1047
3;0.125;RemoveObject;(9, 5);;(9, 5);1;1048
3;0.125;RemoveObject;(9, 5);;(9, 5);1;1049
3;0.125;RemoveObject;(9, 5);;(9, 5);1;1050
3;0.125;RemoveObject;(9, 5);;(9, 5);1;1051
3;0.125;RemoveObject;(9, 5);;(9, 5);1;1052
3;0.125;RemoveObject;(9, 5);;(9, 5);1;1053
3;0.125;RemoveObject;(9, 5);;(9, 5);1;1054
3;0.125;RemoveObject;(9, 5);;(9, 5);1;1055
3;0.125;RemoveObject;(9, 5);;(9, 5);1;1056
3;0.125;RemoveObject;(9, 5);;(9, 5);1;1057
3;0.125;RemoveObject;(9, 5);;(9, 5);1;1058
3;0.125;RemoveObject;(9, 5);;(9, 5);1;1059
3;0.125;RemoveObject;(9, 5);;(9, 5);1;1060
3;0.125;RemoveObject;(9, 5);;(9, 5);1;1061
3;0.125;RemoveObject;(9, 5);;(9, 5);1;1062
